{"cameraMode":{"drawMode":0,"name":"Shaded","section":"Shading Mode"},"sceneLighting":false,"audioPlay":false,"sceneViewState":{"showFog":true,"showMaterialUpdate":false,"showSkybox":false,"showFlares":true,"showImageEffects":true,"showParticleSystems":true},"in2DMode":false,"pivot":{"x":-1.5399194955825806,"y":0.8152957558631897,"z":-1.717247486114502},"rotation":{"x":-0.028319455683231355,"y":0.9647437334060669,"z":-0.1166311576962471,"w":-0.2342483550310135},"size":7.861244201660156,"orthographic":false}